year,revenue_m,net_income_m,gmv_b,active_users_m,active_merchants_k,valuation_b,headcount,revenue_growth_pct,arpu,take_rate_pct
2019,602,-93,35,70,190,5.5,3500,,8.6,1.72
2020,845,-153,53,87,250,10.6,4000,40.365448504983384,9.71,1.594
2021,1204,-688,80,90,400,45.6,6500,42.485207100591715,13.38,1.505
2022,1850,-1047,100,97,500,6.7,7000,53.65448504983388,19.07,1.85
2023,2277,-241,90,100,550,9.0,5200,23.081081081081088,22.77,2.53
2024,2810,55,105,108,616,14.0,4300,23.40799297321037,26.02,2.676
2025,3500,-200,130,114,850,15.0,3800,24.555160142348754,30.7,2.692
